Beds,Bath,Sqft,Price,Address,Province,Region
,,,27500.0,5469 HIGHWAY 1 ,NS,Atlantic region
,,,275000.0,2780 Hwy 340 ,NS,Atlantic region
,,,59900.0,HWY 8 & Fisher Lake Rd ,NS,Atlantic region
,,,69900.0,67 Osprey Ridge Road ,NS,Atlantic region
,,2378.0,499000.0,474 Harbour Acres ,NS,Atlantic region
,3.0,,745900.0,74 Parkdale Avenue ,NS,Atlantic region
,,,325000.0,Lot - St. Catherine's River Rd. ,NS,Atlantic region
,,,175000.0,1514 Eastern Shore Rd. ,NS,Atlantic region
,,,84900.0,68 Osprey Ridge Road ,NS,Atlantic region
,,,69000.0,"62 Lake Doucette  Road, Lake Doucette ",NS,Atlantic region
,,,54900.0,Lot 22 Fisher Lake Road ,NS,Atlantic region
,,,255000.0,"197 CJA Road, Concession ",NS,Atlantic region
,,,375000.0,112 Brooklyn Shore Rd. ,NS,Atlantic region
,,,115000.0,Lot 27 Wilderness Dr ,NS,Atlantic region
,,,299000.0,186 Mehlman Rd. ,NS,Atlantic region
,2.0,1950.0,225000.0,2732 Main Street S ,NS,Atlantic region
,1.0,2200.0,397500.0,11452 Peggy's Cove Road ,NS,Atlantic region
,,,60000.0,163 Parker Mountain Road ,NS,Atlantic region
,,1955.0,169900.0,74 Myra Road ,NS,Atlantic region
,,3788.0,1199900.0,1225 Webster Terrace ,NS,Atlantic region
,1.0,400.0,149900.0,5680 Rhuland Street 4,NS,Atlantic region
,,320.0,49900.0,1415 McLeans Lake Road ,NS,Atlantic region
,,1202.0,59900.0,3351 Hwy #3|Lockeport ,NS,Atlantic region
,1.0,,675000.0,280 GREEN BAY Road ,NS,Atlantic region
,1.0,651.0,195000.0,8920 Highway 1 ,NS,Atlantic region
,,2016.0,129900.0,3821 White Hill Road ,NS,Atlantic region
,1.0,1986.0,169900.0,40 East Chezzetcook Road ,NS,Atlantic region
,,1004.0,138000.0,7 PEPPETT Street ,NS,Atlantic region
,,1299.0,69000.0,62 Lake Doucette Road ,NS,Atlantic region
,1.0,1702.0,179900.0,287 KING Street ,NS,Atlantic region
,,3400.0,149900.0,32 R.Grant Road ,NS,Atlantic region
,,,29900.0,SE-23 Marbern Street ,NS,Atlantic region
,,2374.0,499000.0,474 HARBOUR ACRES Road ,NS,Atlantic region
,,,269900.0,6666 Hwy 3 ,NS,Atlantic region
,2.0,2144.0,244900.0,431 Hwy 8 ,NS,Atlantic region
,,,215000.0,1000 Shore Rd. ,NS,Atlantic region
,,,395000.0,49 School St. ,NS,Atlantic region
,,,234900.0,15100 Cabot Trail Highway ,NS,Atlantic region
,,,57000.0,Gallant Lane - Lots  31 & 32 ,PE,Atlantic region
,,,66500.0,Highland Vista Dr ,PE,Atlantic region
,,,99900.0,Lot Splendid View Dr ,PE,Atlantic region
,,1646.0,349000.0,4153 Cape Bear Rd ,PE,Atlantic region
,,,49900.0,Garden Shore Rd and Sunset Cre. West Cove Head ,PE,Atlantic region
,,1646.0,349000.0,4153 Cape Bear Road ,PE,Atlantic region
,,,1040000.0,Lot Kingston Rd ,PE,Atlantic region
,,,30000.0,5 Hopeton Road ,PE,Atlantic region
,,,449000.0,258 Line Road ,PE,Atlantic region
,,,128750.0,102 River Road ,PE,Atlantic region
,,,32000.0,Mt Stewart Rd ,PE,Atlantic region
,,,47400.0,Gallant Lane - Lot #6 ,PE,Atlantic region
,,,52900.0,Lot 8 Sandy Cove Road ,PE,Atlantic region
,,,159900.0,387 Duvar Rd - Rte 146 ,PE,Atlantic region
,,,52900.0,Lot 8 Sandy Cove Road ,PE,Atlantic region
,,,250000.0,92 Lecky Road|Rte 164,PE,Atlantic region
,,2980.0,80000.0,32 Birch Point Road ,PE,Atlantic region
,,,159900.0,387 Duvar Rd - Rte 146 ,PE,Atlantic region
,,,179900.0,2921 rte 19 Rocky Point ,PE,Atlantic region
,,,49900.0,Lot 42 Sunset Crescent ,PE,Atlantic region
,,,49900.0,Lot 42 Sunset Crescent ,PE,Atlantic region
,,,249900.0,"32 Louis Sud  Néguac, E9G 1K7 ",NB,Atlantic region
,,1556.0,399000.0,207 Morris Rd ,NB,Atlantic region
,,1152.0,349900.0,"24 Cedar Ridge Rd, Blackville, E9B 0C7 ",NB,Atlantic region
,,,259900.0,"5114 Route 108 Municipality:\tMillerton, E1V 7K5 ",NB,Atlantic region
,,400.0,94900.0,Lot & Camp Route 126 ,NB,Atlantic region
,,,59900.0,120 Hectres (296 acres) ,NB,Atlantic region
,,2.0,159900.0,3205 Route 108 ,NB,Atlantic region
,,,119900.0,"Acerage off of O""Keefe Rd ",NB,Atlantic region
,,,29995.0,"Johnson Road; Renous, New Brunswick ",NB,Atlantic region
,,900.0,269900.0,"3086 108 Hwy Renous, E9E 2M7 ",NB,Atlantic region
,,,30000.0,"Sillikers, New Brunswick ",NB,Atlantic region
,,800.0,39900.0,1.7 Hec Route 420 Matthews Settlement ,NB,Atlantic region
,,,79901.0,347 Halcomb Rd ,NB,Atlantic region
,,,44500.0,"9720 sq m Sorel Rd, Wayerton, E9E 0A4 ",NB,Atlantic region
,,1397.0,179500.0,725 Route 435 Highway ,NB,Atlantic region
,,,119900.0,1120 Route 420 Cassilis ,NB,Atlantic region
,,836.0,141000.0,106 Tardy Ave ,NB,Atlantic region
,,390000.0,390000.0,"144 Wolf Dr, Cains River, E9B 2H6 ",NB,Atlantic region
,,,60000.0,1.1 Hecta Big Ferry Rd ,NB,Atlantic region
,,,159900.0,"3.3 Hec Route 118, Gray Rapids, E9B 1G2 ",NB,Atlantic region
,,1152.0,159900.0,2230 Weldfield Collette ,NB,Atlantic region
,,,59900.0,Riverside Dr ,NB,Atlantic region
,,,159900.0,"Camp Bettsburg Road, Doaktown ",NB,Atlantic region
,,,169900.0,5340 Route 117 ,NB,Atlantic region
,,1225.0,99800.0,643 Beaverbrook Rd ,NB,Atlantic region
,,768.0,54000.0,"60 Schofield Lane, Renous, E9E 2E8 ",NB,Atlantic region
,,,99900.0,"198 Northwest Rd, Sunny Corner, E9E 1K8 ",NB,Atlantic region
,,672.0,179900.0,6 hec Urquhart Rd ,NB,Atlantic region
,,,19900.0,2 Hec. Dan Brook Lane ,NB,Atlantic region
,,2112.0,249999.0,248 Duke St ,NB,Atlantic region
,,,12900.0,30 Deepwood Avenue ,NB,Atlantic region
,,800.0,149900.0,80 MacTavish Rd ,NB,Atlantic region
,,,45000.0,"21 Robertson Brook Road; Brantville, New Brunswick E9H 1M1 ",NB,Atlantic region
,,,39900.0,"- Route 11.  Glenelg, E1N 5C7 ",NB,Atlantic region
,,600.0,99700.0,"2065 Route 108, Renous, E9E 2N3 ",NB,Atlantic region
,,1080.0,229900.0,"465 Williston Dr, Miramichi, E1V 5X8 ",NB,Atlantic region
,,,164900.0,"2560 King George Highway. Miramichi, E1V 6W9 ",NB,Atlantic region
,,,80000.0,"2299 Route 118; Mckinleyville, E9E 2H7 ",NB,Atlantic region
,,,99900.0,3204 Sq M Murdock Beach Road ,NB,Atlantic region
,,,30000.0,"lot 27 Gulliver St, Miramichi, E1N 3A7 ",NB,Atlantic region
,,1104.0,489800.0,2570 King George Highway ,NB,Atlantic region
,,,129900.0,261 Main St Blackville ,NB,Atlantic region
,,540.0,118498.0,"97 Hambrook Point Rd, Renous, E9E 2P1 ",NB,Atlantic region
,,1261.0,69900.0,"279 Northwest Rd, Exmoor, E9E 1L7 ",NB,Atlantic region
,,928.0,229900.0,42 Flett St ,NB,Atlantic region
,,1130.0,114900.0,"688 King George Hwy, Miramichi, E1V 1P3 ",NB,Atlantic region
,,1600.0,249900.0,11123 Rue Principale ,NB,Atlantic region
,,,49900.0,2680 420 Route ,NB,Atlantic region
,,800.0,74900.0,"181 Main St Blackville, New Brunswick ",NB,Atlantic region
,,966.0,144500.0,3445 Route 118 ,NB,Atlantic region
,,2562.0,249900.0,"62 Schofield Lane, Renous, E9E 2E8 ",NB,Atlantic region
,,1245.0,249900.0,87 Percy Kelly Dr ,NB,Atlantic region
,,,649800.0,1189 Beaverbrook Rd ,NB,Atlantic region
,,574.0,134900.0,"135 Main St, Doaktown, E9C 1A3 ",NB,Atlantic region
,,722.0,74500.0,"898 Hwy 118, Gray Rapids, E9B 1G2 ",NB,Atlantic region
,,813.0,135000.0,2292 Route 420 Hwy ,NB,Atlantic region
,,,135000.0,Quarry Road ,NB,Atlantic region
,,,109000.0,94-1 Route 108 ,NB,Atlantic region
,,1000.0,115000.0,"18 Centrale St, Rogersville, E4Y 0A4 ",NB,Atlantic region
,,,97500.0,60/62 Queensway ,NB,Atlantic region
,,,128500.0,DIGDEGUASH LAKE ,NB,Atlantic region
,,,62500.0,950 Route 772 ,NB,Atlantic region
,,,13900.0,74-5 Jacqueline Dr. lot ,NB,Atlantic region
,,,329900.0,614 Wellington St. Miramichi ,NB,Atlantic region
,,1766.0,299900.0,72-74 Tweedie St ,NB,Atlantic region
,,,54900.0,"380 Halcomb RdHalcomb, E9E 1W6 ",NB,Atlantic region
,,,45000.0,Sorel Rd ,NB,Atlantic region
,5.0,10800.0,1200000.0,"131 Main Street, Sackville, NB ",NB,Atlantic region
,,,129900.0,9350 sqm Point Aux Carr Road ,NB,Atlantic region
,,,109900.0,"94-1 Route 108; Renous, New Brunswick ",NB,Atlantic region
,,5688.0,14860.0,- O'Keefe Rd ,NB,Atlantic region
,,701.0,169500.0,"168 Brown Rd Miramichi, E1V 3L3 ",NB,Atlantic region
,,968.0,69900.0,74 Main St ,NB,Atlantic region
,,,59900.0,Rte 118 Doyles Brook ,NB,Atlantic region
,,2112.0,259800.0,"248 Duke St Miramichi, E1N 1J8 ",NB,Atlantic region
,,900.0,114900.0,"4000 sqm MacLaggan Dr, Blackville ",NB,Atlantic region
,1.0,,22500.0,6617 Route  11 ,NB,Atlantic region
,1.0,370.0,139900.0,1438 Route 530 ,NB,Atlantic region
,1.0,,40000.0,269 Summerfield Road ,NB,Atlantic region
,1.0,,349900.0,2271 Route 127 ,NB,Atlantic region
,,,49900.0,1321 Rue Principal ,NB,Atlantic region
,2.0,1700.0,189900.0,921 B Back Tracy Road ,NB,Atlantic region
,1.0,240.0,26000.0,1037 Route 103 Unit B,NB,Atlantic region
,1.0,,54000.0,60 Schofield Lane ,NB,Atlantic region
,1.0,,99000.0,850 Principale Street ,NB,Atlantic region
,1.0,,139900.0,190 Scott Siding Road ,NB,Atlantic region
,,,96900.0,5105 Route 105 ,NB,Atlantic region
,2.0,960.0,164900.0,10 East Main ST ,NB,Atlantic region
,1.0,,59900.0,Camp Marks Road ,NB,Atlantic region
,,987.0,49900.0,49 Goguen ,NB,Atlantic region
,1.0,400.0,140000.0,83 Linda ST ,NB,Atlantic region
,1.0,1400.0,350000.0,1878 Route 950 ,NB,Atlantic region
,,,29800.0,3688 Route  134 ,NB,Atlantic region
,,288.0,25550.0,304 Foley Brook Road ,NB,Atlantic region
,,,65000.0,3751 Principale Street ,NB,Atlantic region
,,,154900.0,Route 860 Clover Hill Road ,NB,Atlantic region
,1.0,,425000.0,141 Picadilly Road ,NB,Atlantic region
,,,115900.0,3880 Hwy 108 ,NB,Atlantic region
,,576.0,49900.0,3150 Saint Charles ,NB,Atlantic region
,,,29900.0,7405 Route 8 ,NB,Atlantic region
,,,2900000.0,85-95 Prospect Street ,NB,Atlantic region
,,,94500.0,888 Highway 118 ,NB,Atlantic region
,,1600.0,249900.0,1680 Shediac RD ,NB,Atlantic region
,,480.0,32000.0,306 Foley Brook Road ,NB,Atlantic region
,,,189900.0,501 Pomeroy Ridge Road ,NB,Atlantic region
,1.0,1812.0,94900.0,2730 Route 106 ,NB,Atlantic region
,,,39900.0,- West Eel River Road ,NB,Atlantic region
,1.0,504.0,79000.0,754 Riviere-Verte Road ,NB,Atlantic region
,1.0,560.0,119000.0,1121 Enterprise Road ,NB,Atlantic region
,1.0,2500.0,119500.0,9 Point de Bute ,NB,Atlantic region
,1.0,,80000.0,24 Route 636 ,NB,Atlantic region
,2.0,830.0,74000.0,17 McLaughlin ST ,NB,Atlantic region
,,,25000.0,- Evangeline Street ,NB,Atlantic region
,,,109000.0,1 Route 108 94,NB,Atlantic region
,,,88000.0,158 MacDonald Rd Glenwood ,NB,Atlantic region
,,,114800.0,"370 Lockstead Road, Blackville, New Brunswick ",NB,Atlantic region
,,,84500.0,800 Tweedie Brook ,NB,Atlantic region
,,4356155.0,164900.0,"1270 Route 435, Maple Glen, E1G 3X1 ",NB,Atlantic region
,,,98900.0,22 Travis ,NB,Atlantic region
,,,64900.0,40 Hec 10840 Route 430 ,NB,Atlantic region
,,,144900.0,20 Glove Rd. ,NL,Atlantic region
,,,149900.0,8-12 Cross Road ,NL,Atlantic region
,,,79900.0,2 - 10 Hierlihy Place ,NL,Atlantic region
,,824.0,79900.0,20 Northside Rd ,NL,Atlantic region
,,,229900.0,41-43 Glam Road ,NL,Atlantic region
,,2200.0,125000.0,20-22 Victoria St. ,NL,Atlantic region
,,3600.0,49900.0,36 Water Street ,NL,Atlantic region
,,988.0,174900.0,5-7 Gosses Road ,NL,Atlantic region
,1.0,2850.0,149900.0,8-12 Cross Road ,NL,Atlantic region
,,2160.0,99500.0,314-316 Conception Bay Highway ,NL,Atlantic region
,,2720.0,389000.0,47 Glam Rd ,NL,Atlantic region
,,,299900.0,101 Cross Road ,NL,Atlantic region
,2.0,3000.0,89000.0,157 BOND Road Unit4 LOT,NL,Atlantic region
,1.0,1650.0,178000.0,97B lot 5 Main Street ,NL,Atlantic region
,,2400.0,65000.0,9 Forest Road ,NL,Atlantic region
,,,210000.0,28 Penetanguishene Road ,NL,Atlantic region
,,1551.0,64900.0,67 Lime Street ,NL,Atlantic region
,,1220.0,35000.0,23 Main Road ,NL,Atlantic region
,,,160000.0,3B Maple Crescent ,NL,Atlantic region
,,1080.0,179900.0,88 Amber Drive ,NL,Atlantic region
,,1988.0,139900.0,12 Youden Place ,NL,Atlantic region
,,1400.0,179999.0,40 Greens Road ,NL,Atlantic region
,,,329900.0,3 Simon Place ,NL,Atlantic region
,1.0,470.0,300000.0,4295 Beaubien Est ,QC,Central Canada
,,,875000.0,9119-9121 Rue de Godbout ,QC,Central Canada
,,,500000.0,Ch. Murphy ,QC,Central Canada
,,,274900.0,Ch. Cottage ,QC,Central Canada
,1.0,461.0,250000.0,6670 Rue Jeanne-Mance ,QC,Central Canada
,,,345000.0,1061 rue Saint-Alexandre ,QC,Central Canada
,,5276.0,1799000.0,306-310 Boul. St-Joseph E. ,QC,Central Canada
,1.0,410.0,358262.0,1000 de la Montagne ,QC,Central Canada
,1.0,470.0,218000.0,4295 Beaubien Est ,QC,Central Canada
,,,529000.0,1070 rue de bleury ,QC,Central Canada
,,,699000.0,2355-2359 Rue Frontenac ,QC,Central Canada
,,,50000.0,Rue Léonard ,QC,Central Canada
,,,42000.0,91 Mtée Chartrand ,QC,Central Canada
,,2845.0,899000.0,40-40A Rue Ste-Anne ,QC,Central Canada
,,,27000.0,Chemin de Chertsey ,QC,Central Canada
,,864.0,159000.0,307 chemin River ,QC,Central Canada
,1.0,406.0,340762.0,1000 de la Montagne ,QC,Central Canada
,,5600.0,2650000.0,4160 Boul. Dorchester O. ,QC,Central Canada
,,4083.0,359800.0,260 Rue Principale ,QC,Central Canada
,,,50000.0,Rue Léonard ,QC,Central Canada
,,,500000.0,chemin Murphy ,QC,Central Canada
,,2716.0,3599000.0,1035 Rue Lambert-Closse ,QC,Central Canada
,,,379000.0,"495 Rue Pie-XII, Vaudreuil-Dorion, QC, J7V 1Z7 ",QC,Central Canada
,,,345000.0,Rue Champêtre Saint-Hippolyte ,QC,Central Canada
,,,89900.0,Ch. Ryan ,QC,Central Canada
,,,210000.0,443 Ch. Clavelle ,QC,Central Canada
,,,274900.0,23 Beauchamp ,QC,Central Canada
,,,99900.0,Rue Principale ,QC,Central Canada
,,3950.0,424900.0,376 Ch. des Outaouais ,QC,Central Canada
,,,299900.0,2160 Beaudoin ,QC,Central Canada
,,,480000.0,2519 Rue Genest ,QC,Central Canada
,,64702.0,65000.0,9582 Boul. Rideau ,QC,Central Canada
,1.0,15866.0,319000.0,268 Rue Arago E. ,QC,Central Canada
,1.0,,55000.0,2261 Ch. du Village ,QC,Central Canada
,1.0,399998.0,175000.0,1376 Ch. de Béthanie ,QC,Central Canada
,,,1149000.0,2168 Rue Richelieu ,QC,Central Canada
,,,189000.0,184 Rue St-Louis ,QC,Central Canada
,1.0,401.0,135600.0,161 Ch. du Curé-Deslauriers #384 ,QC,Central Canada
,1.0,418.0,149000.0,151 Ch. du Curé-Deslauriers #139 ,QC,Central Canada
,1.0,540.0,175000.0,150 Ch. du Curé-Deslauriers #306 ,QC,Central Canada
,2.0,2873.0,1800000.0,3165Z Route des Tulipes ,QC,Central Canada
,1.0,483.0,147000.0,151 Ch. du Curé-Deslauriers #242 ,QC,Central Canada
,1.0,308.0,129000.0,160 Ch. du Curé-Deslauriers #420 ,QC,Central Canada
,1.0,427.0,189000.0,3035 Ch. de la Chapelle #210 ,QC,Central Canada
,,,64000.0,423 Route 307 ,QC,Central Canada
,1.0,422.0,179000.0,150 Ch. du Curé-Deslauriers #407 ,QC,Central Canada
,1.0,410.0,171000.0,140 Ch. au Pied-de-la-Montagne #518 ,QC,Central Canada
,1.0,441.0,119000.0,2396 Rue Labelle #506 ,QC,Central Canada
,1.0,326.0,107800.0,161 Ch. du Curé-Deslauriers #382 ,QC,Central Canada
,,,35000.0,160 Rue Principale ,QC,Central Canada
,1.0,,139000.0,1000 Boul. du Beau-Pré ,QC,Central Canada
,,,74500.0,2A Ch. des Chalets ,QC,Central Canada
,,,389000.0,"3274 SARSFILED ROAD, Sarsfield Ontario ",ON,Central Canada
,,7600.0,125000.0,"1 Frederick St., Clinton, Ontario ",ON,Central Canada
,,,499900.0,45 St Andrews Street ,ON,Central Canada
,,,474000.0,Georgetown ,ON,Central Canada
,,,500000.0,"MISSISSAUGA, ON// Arte Condos available for booking // Great Investment Opportunity ",ON,Central Canada
,2.0,,349900.0,3895 FIRELANE 14,ON,Central Canada
,,,279900.0,"witlock, lasalle ",ON,Central Canada
,,,418900.0,MISSISSAUGA-ON// M CITY CONDO// UNITS AVAILABLE WITH EXTENDED DEPOSIT STRUCTURE// GREAT INVESTMENT ,ON,Central Canada
,,,359900.0,49 SOG-JE-WA-SA Drive ,ON,Central Canada
,,,317000.0,58 Myles Drive ,ON,Central Canada
,,,249900.0,7771 LAWRENCE ST.  ,ON,Central Canada
,,,199000.0,896 ELMSMERE RD #9 ,ON,Central Canada
,,,329900.0,900 Dynes ,ON,Central Canada
,,,400000.0,TORONTO- PRIME CONDO for Sale in The Heart of DownTown for Sale // Very Competitive Price ,ON,Central Canada
,,,400000.0,TORONTO-ON// The Manderley Condos Starting from High 400K (38% cheaper than DownTown Price). ,ON,Central Canada
,,,499900.0,2427 SOUTHVALE CRESCENT ,ON,Central Canada
,,,227000.0,2020 JASMINE CRESCENT ,ON,Central Canada
,,,439000.0,12 Main Street ,ON,Central Canada
,,,55000.0,7318 Highway 26 ,ON,Central Canada
,,,299000.0,3275 SWALE RD ,ON,Central Canada
,,,500000.0,BeauSoleil Condos ,ON,Central Canada
,,,500000.0,1740 Thomas A Dolan Parkway ,ON,Central Canada
,,,394900.0,264 Dufferin St. ,ON,Central Canada
,,,418998.0,920 DYNES ROAD ,ON,Central Canada
,,,199900.0,LT 3 Fairlawn Grove ,ON,Central Canada
,,,469900.0,"Manderley Drive, Toronto, ON1 ",ON,Central Canada
,,,448000.0,17 Cripps Ave Toronto ,ON,Central Canada
,,,500000.0,"Mississauga-ON, Condos for Sale in the Heart of Mississauga ",ON,Central Canada
,,,274900.0,77 Queenston ST ,ON,Central Canada
,,,175000.0,574 Yonge st ,ON,Central Canada
,,,399900.0,102 DREANEY Avenue ,ON,Central Canada
,,,499900.0,1021 COUPLAND Road ,ON,Central Canada
,,390.0,74500.0,No address available ,ON,Central Canada
,,,299900.0,628195B Side Road 15 ,ON,Central Canada
,,,409000.0,"296 13th St W, Owen Sound ",ON,Central Canada
,,,419000.0,"500 CLARIDGE DR #301, Nepean ",ON,Central Canada
,,,399900.0,"BARRIE - ON, Great Investment Opportunity, Book with 5 Year Rental Guarantee Package ",ON,Central Canada
,1.0,,459000.0,219 Fort York Blvd ,ON,Central Canada
,,,299900.0,LOT 15 HWY 7 RD ,ON,Central Canada
,,,474000.0,Dundas St W & Hurontario St ,ON,Central Canada
,,,359900.0,Lot 5 Bertie Street ,ON,Central Canada
,,,350000.0,Elsie Lake ,ON,Central Canada
,,,399000.0,20 Edgecliff Golfway ,ON,Central Canada
,,19000.0,175000.0,904 Lacroix Rd. ,ON,Central Canada
,,,474900.0,860 Cahill Dr. W ,ON,Central Canada
,,,359900.0,0 Metcalfe Lane ,ON,Central Canada
,,,224777.0,69/71 Polish Ave ,ON,Central Canada
,,,229900.0,2000 JASMINE CRESCENT #708 ,ON,Central Canada
,,,210000.0,3748 Champlain Street ,ON,Central Canada
,,,399990.0,"200 INLET PVT #907, Orleans ",ON,Central Canada
,,,500000.0,3576 Errington Ave - Chelmsford ,ON,Central Canada
,,,49000.0,1131 BAXTER RD ,ON,Central Canada
,1.0,473.0,485000.0,3891 Redmond Rd M4 Condos ,ON,Central Canada
,2.0,,179900.0,8 Feltz RD ,ON,Central Canada
,,,192500.0,10873 Sinclair LINE ,ON,Central Canada
,,,185000.0,173 NOBEL Road ,ON,Central Canada
,,,149000.0,995 Redford RD ,ON,Central Canada
,,,45000.0,199 SLATER Street #1813 ,ON,Central Canada
,,,149900.0,285 Wellington STREET East ,ON,Central Canada
,,,349900.0,67 HOARES Road ,ON,Central Canada
,,,119900.0,6902 Highway 11 N ,ON,Central Canada
,,,189900.0,478 Trout Lake RD ,ON,Central Canada
,2.0,,499900.0,76 KENT Street S ,ON,Central Canada
,,,499999.0,1260 Trowbridge Dr Oshawa Ontario  ,ON,Central Canada
,1.0,,185000.0,4482 Bidwell Road ,ON,Central Canada
,,,249900.0,4224 ARDOCH RD Lot 2,ON,Central Canada
,,,285000.0,Lot #50 Alta Vista Drive ,ON,Central Canada
,,2400.0,240000.0,6048 Lambton LINE ,ON,Central Canada
,,,380000.0,3285 Hiawatha Ave ,ON,Central Canada
,,,500000.0,310 NOAH'S Road ,ON,Central Canada
,,,360000.0,10 Robins Ave ,ON,Central Canada
,,,165000.0,58 Cave DR ,ON,Central Canada
,,,350000.0,B415 PART Island ,ON,Central Canada
,,,249000.0,896 JULIUS LAKE RD ,ON,Central Canada
,,,75000.0,1190 HALEY ROAD ,ON,Central Canada
,,,159900.0,2 JESSIE Street ,ON,Central Canada
,,,249900.0,4224 Ardoch Rd Lot 2,ON,Central Canada
,2.0,,374000.0,104 MAIKA Road ,ON,Central Canada
,,,399900.0,Pine Shores RD ,ON,Central Canada
,,,500000.0,420 LANDRY RD ,ON,Central Canada
,,,15500.0,7728 COYNE Road ,ON,Central Canada
,,,450000.0,202 CHARING CROSS Street ,ON,Central Canada
,1.0,1200.0,199000.0,11 VICTORIA STREET ,ON,Central Canada
,,,179900.0,1345 McCormick ROAD ,ON,Central Canada
,,,295000.0,41 Alta Vista Drive ,ON,Central Canada
,1.0,,345000.0,2822 Lakeshore Rd ,ON,Central Canada
,,,500000.0,420 Landry Rd ,ON,Central Canada
,,,319900.0,2422 ROUND LAKE ROAD ,ON,Central Canada
,1.0,,99000.0,839 RED PINE LANE ,ON,Central Canada
,,,399900.0,1339 PETERSON Road ,ON,Central Canada
,,,399000.0,62 BEECHWOOD Avenue ,ON,Central Canada
,1.0,,189000.0,4333 Highway 551 ,ON,Central Canada
,2.0,,475000.0,85 Ontario ,ON,Central Canada
,3.0,,325000.0,252 ALGOMA ST S ,ON,Central Canada
,,,499900.0,839 Old Tecumseh ,ON,Central Canada
,,,299000.0,N/A SIBBALD CRES ,ON,Central Canada
,,,120000.0,6 Victoria ST ,ON,Central Canada
,,1300.0,499900.0,4074 St. James Avenue ,ON,Central Canada
,,,79900.0,1 Ibottson Rd ,ON,Central Canada
,,,295000.0,46 Alta Vista Drive ,ON,Central Canada
,,,199000.0,6343 HIGHWAY 35 RD ,ON,Central Canada
,2.0,1400.0,399900.0,351 Scott St ,ON,Central Canada
,,,599900.0,12682 LANOUE STREET ,ON,Central Canada
,,,600000.0,5850 MITCH OWENS RD ,ON,Central Canada
,,,649000.0,Hwy 10 & Burnhamthorpe ,ON,Central Canada
,,,569000.0,736 Bay Street ,ON,Central Canada
,,,517990.0,FourMe Condos ,ON,Central Canada
,,560.0,592000.0,689 The Queensway ,ON,Central Canada
,,,700000.0,231 Reach Street ,ON,Central Canada
,,,559000.0,2200 Bromsgrove Rd ,ON,Central Canada
,,,500000.0,"MISSISSAUGA, ON// Arte Condos available for booking // Great Investment Opportunity ",ON,Central Canada
,,,598500.0,2937 Princess ,ON,Central Canada
,2.0,,649900.0,743 Canterbury Avenue ,ON,Central Canada
,,,600900.0,The Dylan Condos HOT LIST - The Best Price & Value South of The 401 ,ON,Central Canada
,1.0,,527990.0,395 Bloor St E ,ON,Central Canada
,,,530000.0,550 Webb Dr ,ON,Central Canada
,,,689000.0,44 GLAMORGAN DR ,ON,Central Canada
,,,694000.0,111 QUEEN MARY ST ,ON,Central Canada
,,,699000.0,3113 SWALE RD ,ON,Central Canada
,,1100.0,519999.0,2616 Leonard St ,ON,Central Canada
,,,630900.0,Untitled Condos - Insider VIP Access - Yonge/Eglinton ,ON,Central Canada
,,,599000.0,5495 BOUNDARY RD ,ON,Central Canada
,,,500000.0,BeauSoleil Condos ,ON,Central Canada
,,,695000.0,Bayview at the Village - From Mid $400s - BAYVIEW AND SHEPPARD AVE E ,ON,Central Canada
,1.0,,539000.0,75 St Nicholas St ,ON,Central Canada
,,,500000.0,1740 Thomas A Dolan Parkway ,ON,Central Canada
,,,599900.0,17 KEATES Place ,ON,Central Canada
,,,549900.0,20 Abernethy Cres ,ON,Central Canada
,,1954.0,548800.0,632 YONGE ST ,ON,Central Canada
,1.0,,568800.0,87 Peter St ,ON,Central Canada
,,,500000.0,"Mississauga-ON, Condos for Sale in the Heart of Mississauga ",ON,Central Canada
,,,699900.0,No address available ,ON,Central Canada
,,,694900.0,"24 Desnoyers Street, Casselman, ON ",ON,Central Canada
,,,699900.0,69 Farmstead Dr ,ON,Central Canada
,,,549000.0,210 ARMON DARIA LA ,ON,Central Canada
,,,549900.0,4787 COUNTY RD 4 Road ,ON,Central Canada
,,,599000.0,101 Byng Avenue ,ON,Central Canada
,,1600.0,699000.0,1485 Gulleden Dr ,ON,Central Canada
,,,550000.0,11129 Timber Bay ,ON,Central Canada
,,,610000.0,No address available ,ON,Central Canada
,,,560000.0,"TORONTO-// DISTRICT CONDO FOR SALE ( FEW UNITS LEFT/ LOT OF INCENTIVES, POSSESSION IN 2022) ",ON,Central Canada
,,,699900.0,46 DUNDAS Street W ,ON,Central Canada
,,,699900.0,200 Robert Speck Parkway ,ON,Central Canada
,,,649800.0,256 John Garland Blvd ,ON,Central Canada
,,,509990.0,"NiagaraFalls ON, // Pre-construction Condo for Sale// Great Investment Opportunity ",ON,Central Canada
,,,689000.0,46 Lansing St ,ON,Central Canada
,,,699900.0,No address available ,ON,Central Canada
,,,689900.0,121 FLAT SEDGE CRESENT ,ON,Central Canada
,,,699000.0,253 CAYMAN ROAD ,ON,Central Canada
,,,500000.0,3576 Errington Ave - Chelmsford ,ON,Central Canada
,,,625000.0,2025 MEADOWGATE Boulevard ,ON,Central Canada
,,,700000.0,35 Lurcook St ,ON,Central Canada
,,,550000.0,798 JACKSONVILLE RD ,ON,Central Canada
,,,599900.0,177 Barkley Cres. ,ON,Central Canada
,1.0,,650000.0,27 FIRE ROUTE #22 THOMPSON Trail ,ON,Central Canada
,,,675000.0,283 EXMOUTH STREET ,ON,Central Canada
,,,659000.0,26 Fleming Bay Road ,ON,Central Canada
,,,599000.0,6A CIRCLE Street ,ON,Central Canada
,,,699999.0,11 Rollo Dr Ajax Ontario  ,ON,Central Canada
,2.0,,599900.0,58 WELLINGTON Street ,ON,Central Canada
,,,500000.0,310 NOAH'S Road ,ON,Central Canada
,,2100.0,650000.0,70 Arkledun Avenue ,ON,Central Canada
,,,599000.0,633 CON 4 & 5 Road E ,ON,Central Canada
,,,524900.0,1430 Outlet Drive ,ON,Central Canada
,,1410.0,539900.0,19721 Highway 6 ,ON,Central Canada
,,,588000.0,175 SIMCOE AVE ,ON,Central Canada
,,,649900.0,25 Graham Court ,ON,Central Canada
,5.0,,684900.0,221 QUEEN Street ,ON,Central Canada
,,,500000.0,420 LANDRY RD ,ON,Central Canada
,,,509900.0,280 Riverside PW ,ON,Central Canada
,,,599000.0,320 LORIMER Lake ,ON,Central Canada
,,,500000.0,420 Landry Rd ,ON,Central Canada
,,,650000.0,70 ARKLEDUN AVE ,ON,Central Canada
,,,599900.0,304 Waverly St ,ON,Central Canada
,,,675000.0,21 McFeeters Cres ,ON,Central Canada
,,,649900.0,26 Ashdale Cres ,ON,Central Canada
,,,699900.0,3926 Horseshoe Valley Road West ,ON,Central Canada
,,,649999.0,160 WEST 2ND Street ,ON,Central Canada
,,,699900.0,259 County Rd 8 ,ON,Central Canada
,,,559900.0,2374 CHAMPLAIN ,ON,Central Canada
,,,699900.0,44 Huffman Ave ,ON,Central Canada
,,,599900.0,449 Birch Street ,ON,Central Canada
,,,849000.0,61 HARVEY ST ,ON,Central Canada
,,,750000.0,31 McIntosh Way ,ON,Central Canada
,,,899899.0,54 Morris Street ,ON,Central Canada
,,,710185.0,"ETOBICOKE, TORONTO// ONLY 5 UNITS LEFT // MOVE IN THIS YEAR // GET CASH BACK // Great Deal ",ON,Central Canada
,,,800000.0,"Modern Towns at Kingsview Ridge, Oshawa, Ontario ",ON,Central Canada
,,,900000.0,Scenic Ridge Gate ,ON,Central Canada
,,,779000.0,15 Myrle Avenue ,ON,Central Canada
,3.0,,779999.0,5020 Delaware Dr24 ,ON,Central Canada
,,,700000.0,231 Reach Street ,ON,Central Canada
,,,850000.0,1555 Rockaway ,ON,Central Canada
,,,779900.0,"Midhurst Valley Community | Anne Street North & Carson Road, Springwater, ON ",ON,Central Canada
,,,789000.0,No address available ,ON,Central Canada
,,,780000.0,"Midhurst Valley Community | Anne Street North & Carson Road, Springwater, ON ",ON,Central Canada
,,,729900.0,65 Lyndale Cres ,ON,Central Canada
,,,900000.0,No address available ,ON,Central Canada
,,,749900.0,No address available ,ON,Central Canada
,,,719900.0,"Toronto, Ontario (WEST GTA AREA) ",ON,Central Canada
,,,798000.0,25 Montcalm ,ON,Central Canada
,,,799990.0,"263 Barrie Street, Bradford West Gwillimbury, ON ",ON,Central Canada
,,,800000.0,1977 Mckenzie RD ,ON,Central Canada
,,,749000.0,No address available ,ON,Central Canada
,,,798880.0,41 Beechborough Cres ,ON,Central Canada
,,,849900.0,4669 BATH Road ,ON,Central Canada
,,,759900.0,87 Prentice Drive ,ON,Central Canada
,,,752900.0,No address available ,ON,Central Canada
,,,775000.0,"Lot 28 RUSSLAND RD, Vars, K0A 3H0 ",ON,Central Canada
,,,879000.0,"105 MARIER AV, Ottawa ",ON,Central Canada
,,,778333.0,150 Hilltop Drive ,ON,Central Canada
,,,750000.0,21 Carpendale Cres ,ON,Central Canada
,,,715900.0,TORONTO DOWNTOWN- Condo with Rental Guarantee and 15% Extended Down payment ,ON,Central Canada
,,,859900.0,"Harmony Road North, Oshawa, ON ",ON,Central Canada
,,,869900.0,515 Lakeshore Road East ,ON,Central Canada
,,,790000.0,No address available ,ON,Central Canada
,,,799000.0,1520 Sarasota Cres ,ON,Central Canada
,,,864990.0,Ontario 89 & Dufferin County Road 124 ,ON,Central Canada
,,,754900.0,No address available ,ON,Central Canada
,,,859000.0,"2628 DON ST, Ottawa ",ON,Central Canada
,,,899000.0,1052 KILBIRNIE DRIVE ,ON,Central Canada
,,,899990.0,"Detached Homes, Russell Street & Sheffield Street, Southgate ",ON,Central Canada
,,,763560.0,2334 St. Paul Ave. ,ON,Central Canada
,,,739000.0,"CAMBRIDGE, ON// Detached, Semidetached and Freehold Towns for Sale ",ON,Central Canada
,,,820000.0,LOT 3 1274 Kettering DR ,ON,Central Canada
,,,874900.0,"925 Finley Avenue, Ajax, ON ",ON,Central Canada
,,,800000.0,No address available ,ON,Central Canada
,,,899933.0,1356 Woodbine Avenue ,ON,Central Canada
,,,700000.0,35 Lurcook St ,ON,Central Canada
,,2200.0,799900.0,798 Barrett Chute ,ON,Central Canada
,,,799900.0,46 Byng Ave ,ON,Central Canada
,,,799000.0,186 MILVERTON BLVD ,ON,Central Canada
,,,799900.0,216 Lee Avenue ,ON,Central Canada
,,,799000.0,1 Cobalt Ave ,ON,Central Canada
,,,849900.0,34 Skinner Crt ,ON,Central Canada
,1.0,,729000.0,2395 BRUCE ROAD 9,ON,Central Canada
,,,899999.0,96 Bruce Cameron Dr Clarington Ontario L1C0W1 ,ON,Central Canada
,,,898800.0,84 Grapevine Road ,ON,Central Canada
,,,899000.0,5659 Highway 3 Rd ,ON,Central Canada
,,,899000.0,98 Devondale St ,ON,Central Canada
,,,749900.0,28 Grandview Street ,ON,Central Canada
,,,870000.0,120 Pittman Cres ,ON,Central Canada
,,,750000.0,2058 MAIN Street N ,ON,Central Canada
,,,799000.0,166 SOUTH BASS LAKE Road ,ON,Central Canada
,,,899900.0,150 Sleeman Sqare ,ON,Central Canada
,,,899999.0,139 Highlands Blvd Cavan Monaghan Ontario  ,ON,Central Canada
,,,899000.0,5659 HIGHWAY 3 RD ,ON,Central Canada
,,,799999.0,112 Leney St Ajax Ontario  ,ON,Central Canada
,,,799900.0,13365 Highway 38 ,ON,Central Canada
,,,895000.0,393 BERESFORD STREET ,ON,Central Canada
,,,899999.0,37 Denny St Ajax Ontario  ,ON,Central Canada
,,,799999.0,142 Leney St Ajax Ontario  ,ON,Central Canada
,,,799999.0,1637 Autumn Cres Pickering Ontario ,ON,Central Canada
,,,899900.0,817 South Dr ,ON,Central Canada
,,700000.0,919000.0,"1Dundas St E & Garden St, Whitby ",ON,Central Canada
,,,954990.0,"Emerald Crossing (Detached Homes from $859,990) - Shelbourne, Ontario, L9V3J4 ",ON,Central Canada
,,,1100000.0,652 Eagle Crest Heights ,ON,Central Canada
,,,1000000.0,Innisfil ,ON,Central Canada
,,,900000.0,Scenic Ridge Gate ,ON,Central Canada
,,,1055990.0,BRAMPTON- ON // Pre Construction Semidetached for Sale // Book Exclusive Units with us. ,ON,Central Canada
,,,949900.0,44 Iberville Road  ,ON,Central Canada
,,,1099000.0,35 Four Winds Dr ,ON,Central Canada
,,,1069990.0,No address available ,ON,Central Canada
,,,949000.0,934 NOTRE DAME ST ,ON,Central Canada
,,,998000.0,27 Templar Dr ,ON,Central Canada
,,,919000.0,"Garden Street & Dundas Street East, Whitby, ON ",ON,Central Canada
,,,1194990.0,No address available ,ON,Central Canada
,,,1088000.0,76A Leitchcroft Cres ,ON,Central Canada
,,,1089000.0,573 Cattail Crt ,ON,Central Canada
,,,1227990.0,No address available ,ON,Central Canada
,,,1199990.0,TORONTO-RICHMONDHILL/LUXURY TOWNHOME FOR SALE (ONLY 1 unit left) ,ON,Central Canada
,,,1071990.0,No address available ,ON,Central Canada
,,,1120900.0,"Garrett Styles Drive, Keswick L4P 0J1 ",ON,Central Canada
,,,949000.0,22 Stanwell Drive ,ON,Central Canada
,,,1049900.0,843 Corbett's Drive ,ON,Central Canada
,,,900000.0,No address available ,ON,Central Canada
,,,1139990.0,Markham - TORONTO // Executive Townhome For Sale ( Last Few Units Available) ,ON,Central Canada
,,,1095000.0,12 Featherwood Pl ,ON,Central Canada
,,,1050000.0,"453 CATHERINE ST #451 & 453, Ottawa K1R 5T7 ",ON,Central Canada
,,,942990.0,"Keswick, Georgina, ON ",ON,Central Canada
,,,1195000.0,602 Braw Glint Lane ,ON,Central Canada
,,,1029990.0,No address available ,ON,Central Canada
,,,1214990.0,"Cornell Rouge Community | 655 Cornell Centre Boulevard, Markham, ON ",ON,Central Canada
,,,949888.0,7 Navenby Cres ,ON,Central Canada
,,,979900.0,No address available ,ON,Central Canada
,,,939000.0,"Country Lane & Taunton Road East, Whitby, ON ",ON,Central Canada
,,,1019990.0,"Yonge Street, East Gwillimbury, ON ",ON,Central Canada
,,,1199000.0,3039 BURNSTOWN RD ,ON,Central Canada
,,,1099990.0,No address available ,ON,Central Canada
,,,1249000.0,789 MONTREAL RD ,ON,Central Canada
,,1015.0,943138.0,2334 St. Paul Ave. ,ON,Central Canada
,,,1227990.0,"Oakridge Meadows Community | Bethesda Side Road & Leslie Street, Gormley, ON ",ON,Central Canada
,,,1110000.0,No address available ,ON,Central Canada
,,,999999.0,82271 London Road ,ON,Central Canada
,,,1214990.0,"Cornell Rouge Community | 655 Cornell Centre Boulevard, Markham, ON ",ON,Central Canada
,,,1099000.0,3126 stevenage Crt ,ON,Central Canada
,,,918900.0,"52 Coulter Street, Port Perry, ON ",ON,Central Canada
,3.0,,1049332.0,20 Saint James ,ON,Central Canada
,,,942990.0,"Simcoe Landing Community | Georgina, ON ",ON,Central Canada
,,,1009990.0,No address available ,ON,Central Canada
,,,949900.0,3928 Major Mackenzie ,ON,Central Canada
,,,1019990.0,"Yonge Street/ Doane  East Gwillimbury, ON ",ON,Central Canada
,,,1000000.0,Midland and Lawrence ,ON,Central Canada
,,,999777.0,184 PILLSBURY DRIVE ,ON,Central Canada
,,,999999.0,372 Britannia Ave ,ON,Central Canada
,,,949999.0,"Green Valley East Community | Simcoe Road & Line 6, Bradford West Gwillimbury, ON ",ON,Central Canada
,,,1228990.0,"Tenth Line, Whitchurch-Stouffville, ON ",ON,Central Canada
,,,989900.0,60 Parnell Crescent ,ON,Central Canada
,,,999990.0,No address available ,ON,Central Canada
,,,1149900.0,"Woodbridge, Vaughan, ON // Detached with basement apt for Sale ",ON,Central Canada
,,,1020000.0,No address available ,ON,Central Canada
,,,949000.0,No address available ,ON,Central Canada
,,,1135000.0,Westhill Court ,ON,Central Canada
,,,1009990.0,No address available ,ON,Central Canada
,,,1020000.0,"Anchor Woods Community | Yonge Street, East Gwillimbury, ON ",ON,Central Canada
,,,1228900.0,"Tenth Line & 19th Avenue, Markham, ON ",ON,Central Canada
,,,1222213.0,222 Squire Crescent ,ON,Central Canada
,,3500.0,1200000.0,35 Pine Ridge Rd ,ON,Central Canada
,,,1228990.0,"Cityside Stouffville Community | Tenth Line, Whitchurch-Stouffville, ON ",ON,Central Canada
,,2244.0,1159990.0,"Detached & Semi Homes, North Oshawa ",ON,Central Canada
,,,942900.0,"Simcoe landing I Georgina, ON ",ON,Central Canada
,,,1098000.0,No address available ,ON,Central Canada
,,,1054000.0,No address available ,ON,Central Canada
,,,950000.0,"Green Valley East Community | Simcoe Road & Line 6, Bradford West Gwillimbury, ON ",ON,Central Canada
,,,1159990.0,"2995 Keele Street, Toronto, ON ",ON,Central Canada
,,,1069990.0,No address available ,ON,Central Canada
,,,949900.0,No address available ,ON,Central Canada
,,,949900.0,"2nd Concession Road, East Gwillimbury, ON 1 ",ON,Central Canada
,,,1228990.0,No address available ,ON,Central Canada
,,,1069990.0,"10961 Leslie Street, Richmond ",ON,Central Canada
,,,1200000.0,202 Switzer Dr ,ON,Central Canada
,,2200.0,925000.0,Lot 3 Held Crescent ,ON,Central Canada
,,2200.0,925000.0,Lot 4 Held Crescent ,ON,Central Canada
,,2200.0,925000.0,Lot 4 Held Crescent ,ON,Central Canada
,,2200.0,925000.0,Lot 2 Held Crescent ,ON,Central Canada
,,2200.0,925000.0,Lot 7 Held Crescent ,ON,Central Canada
,,2200.0,925000.0,Lot 7 Held Crescent ,ON,Central Canada
,,2200.0,925000.0,Lot 6 Held Crescent ,ON,Central Canada
,,2200.0,925000.0,Lot 6 Held Crescent ,ON,Central Canada
,,2800.0,1150000.0,81 HOMESTEAD Way ,ON,Central Canada
,,2200.0,925000.0,Lot 5 Held Crescent ,ON,Central Canada
,,2200.0,925000.0,Lot 3 Held Crescent ,ON,Central Canada
,,2200.0,925000.0,Lot 5 Held Crescent ,ON,Central Canada
,,2200.0,925000.0,Lot 1 Held Crescent ,ON,Central Canada
,,,1099777.0,"144 Bertrand Ave, ",ON,Central Canada
,,3402.0,1200000.0,241 Gibson Avenue ,ON,Central Canada
,,2200.0,925000.0,Lot 1 Held Crescent ,ON,Central Canada
,,2200.0,925000.0,Lot 2 Held Crescent ,ON,Central Canada
,,,999000.0,62 CROFT ST ,ON,Central Canada
,,,1249000.0,181 Lawson Road ,ON,Central Canada
,,,904999.0,Emerald Crossings ,ON,Central Canada
,,,999000.0,235175 CON 2 WGR RD ,ON,Central Canada
,,,1250000.0,1 RICHARDSON Island ,ON,Central Canada
,1.0,,1079000.0,287 Broadway ,ON,Central Canada
,,,1150000.0,2079 Hancock Rd ,ON,Central Canada
,,,1199900.0,230 Robins Point Road ,ON,Central Canada
,,,1000000.0,119 SPRUCEDALE RD ,ON,Central Canada
,3.0,,1150000.0,54 PLESANT PARK RD ,ON,Central Canada
,,,1050000.0,29 Sato St ,ON,Central Canada
,,,1148800.0,20 Venice Dr ,ON,Central Canada
,,,2000000.0,"5500 OLD MILL WAY, Ottawa ",ON,Central Canada
,,,1800000.0,162086 A Line ,ON,Central Canada
,,,1388800.0,746 ROLLING RIVER CRES ,ON,Central Canada
,,,1589000.0,"14th Ave & Markham Rd, Markham ",ON,Central Canada
,,,1449000.0,256 BESSERER ST ,ON,Central Canada
,,,1349000.0,"Eagles Rest Estates - Oro-Medonte Line 2, and Bass Lake Side Rd W ",ON,Central Canada
,,,1499999.0,Stowmarket St ,ON,Central Canada
,4.0,,1550000.0,34 Sutcliffe Dr ,ON,Central Canada
,,,1825900.0,No address available ,ON,Central Canada
,,,1299000.0,"117 EAST Road, Northern Bruce Peninsula ",ON,Central Canada
,,,1300000.0,Eagles' Rest Estates ,ON,Central Canada
,,,1795000.0,No address available ,ON,Central Canada
,,,1799990.0,"Dufferin Street & Rutherford Road, Vaughan, ON ",ON,Central Canada
,,,1549990.0,"South Cornell Bur Oak Avenue & Highway 7, Markham, ON ",ON,Central Canada
,,,1440000.0,"Bramalea Road, Brampton, ON ",ON,Central Canada
,,,1690000.0,No address available ,ON,Central Canada
,,,1849900.0,13328 The Gore Road ,ON,Central Canada
,,,1435500.0,No address available ,ON,Central Canada
,,,1610000.0,No address available ,ON,Central Canada
,,,1853000.0,No address available ,ON,Central Canada
,,,1853000.0,No address available ,ON,Central Canada
,,,1289000.0,31 Lowrie Lane ,ON,Central Canada
,,,1349990.0,No address available ,ON,Central Canada
,,,1989000.0,"10961 Leslie Street, Richmond1 ",ON,Central Canada
,,,1345900.0,2682 Sapphire Dr ,ON,Central Canada
,,,1269000.0,"2476 DU DOMAINE ST, Gloucester K4B 1H9 ",ON,Central Canada
,,,1729990.0,"Sixth Line & Bowbeer Road, Oakville, ON ",ON,Central Canada
,,,1369000.0,Observatory Hill Community | Bayview Avenue ,ON,Central Canada
,,,1499000.0,3380 Greenbank Rd ,ON,Central Canada
,,,1798000.0,No address available ,ON,Central Canada
,,,1549900.0,No address available ,ON,Central Canada
,,,1529990.0,"Mountainview Road & Walker Road West, Caledon, ON ",ON,Central Canada
,,,1349990.0,No address available ,ON,Central Canada
,,,1400000.0,Brightwater Freehold Towns at Mississauga Rd and Lakeshore Rd W in Port Credit ,ON,Central Canada
,,,1399900.0,No address available ,ON,Central Canada
,,,1599900.0,No address available ,ON,Central Canada
,,,1299900.0,9810 Bathurst Street ,ON,Central Canada
,,,1410000.0,"Leslie Street, East Gwillimbury, ON ",ON,Central Canada
,,,1799990.0,"Dufferin Street & Rutherford Road, Vaughan, ON1 ",ON,Central Canada
,,,1254900.0,Bethesda Road & Leslie Street ,ON,Central Canada
,,,1700000.0,BARRIE // Detached Homes For Sale //Enjoy living in a Breathtaking views at 60 Minutes from Toronto ,ON,Central Canada
,,,1629900.0,"251 Oxford Street, Richmond Hill, ON ",ON,Central Canada
,,,1299900.0,No address available ,ON,Central Canada
,,,1799990.0,"Dufferin Street & Rutherford Road, Vaughan, ON ",ON,Central Canada
,,,1990000.0,280 ST PATRICK STREET ,ON,Central Canada
,,,1549990.0,"Bur Oak Avenue & Highway 7, Markham, ON ",ON,Central Canada
,,,1490990.0,No address available ,ON,Central Canada
,,,1395000.0,"232-234 HANNAH ST, Ottawa ",ON,Central Canada
,,,1559990.0,No address available ,ON,Central Canada
,,,1779990.0,"Sixth Line & Bowbeer Road, Oakville, ON ",ON,Central Canada
,,,1299000.0,"Yonge Street & Maple Grove Avenue, Richmond Hill, ON ",ON,Central Canada
,,,1399900.0,No address available ,ON,Central Canada
,,,1933333.0,No address available ,ON,Central Canada
,,,1399900.0,875 Brawley Rd. W. ,ON,Central Canada
,1.0,,1699800.0,7938 KIPLING AVE ,ON,Central Canada
,,1900.0,1999000.0,468 LOCUST Street ,ON,Central Canada
,,,1488888.0,1613 HIGHWAY 3 EAST ,ON,Central Canada
,,4962.0,1400000.0,910 Barton Street E ,ON,Central Canada
,,,1250000.0,1 RICHARDSON Island ,ON,Central Canada
,,,1800000.0,No address available ,ON,Central Canada
,,,1600000.0,156 THIRD Line Unit# (Part 1) PART,ON,Central Canada
,,,1264900.0,11 Cotswold Crt ,ON,Central Canada
,,,1549000.0,65 RAVINA CRES ,ON,Central Canada
,,1300.0,1950000.0,90 WEBSTER Road ,ON,Central Canada
,1.0,,1650000.0,286 BLOOMFIELD MAIN Street ,ON,Central Canada
,,2870.0,1500000.0,315 Grand River Blvd. ,ON,Central Canada
,,,1500000.0,"2886 MACKEY RD, North Gower  ",ON,Central Canada
,1.0,,1900000.0,4019 MUSKOKA ROAD 169 Highway ,ON,Central Canada
,,,1525000.0,1642 KILWORTHY Road ,ON,Central Canada
,,,1800000.0,Lot 738 Highway 563 ,ON,Central Canada
,,,1998000.0,4106 & 4110 BRIDGEPORT Drive ,ON,Central Canada
,,,2000000.0,"5500 OLD MILL WAY, Ottawa ",ON,Central Canada
,,,2800000.0,"415 MAIN ST, Winchester ",ON,Central Canada
,,,2790000.0,282-292 DONALD ST ,ON,Central Canada
,,,14900000.0,231 Vaughan Road ,ON,Central Canada
,,,16000000.0,"2 Hours West Of Toronto - 30,000 Sq. Ft. Plaza - $16M - dss ",ON,Central Canada
,,,2799000.0,244-246 LAURIER AVE E ,ON,Central Canada
,,,2249900.0,"Glen Ridge Estates Community | Yonge Street, Aurora ",ON,Central Canada
,,4178.0,2800000.0,347-349 Danforth Ave ,ON,Central Canada
,,,2588000.0,107 Woodward Avenue ,ON,Central Canada
,,,2089990.0,"Upper Middle Road West & Bronte Road, Oakville, ON ",ON,Central Canada
,,,3100000.0,West or Toronto - RETIREMENT HOME ,ON,Central Canada
,,,2624000.0,No address available ,ON,Central Canada
,,,2089990.0,"Glen Abbey Encore Community | Upper Middle Road West & Bronte Road, Oakville, ON ",ON,Central Canada
,,,2300000.0,79 Empress Ave ,ON,Central Canada
,,,2399000.0,"10340 York Regional Road 27, Vaughan, ON ",ON,Central Canada
,,,2399900.0,"Kirby Road & Ontario 27, Kleinburg ",ON,Central Canada
,,,2089990.0,"Upper Middle Road West & Bronte Road, Oakville, ON ",ON,Central Canada
,,,2700000.0,"PT LT 6 CON 9 St. Vincent, Meaford ",ON,Central Canada
,,,2099990.0,No address available ,ON,Central Canada
,,4650.0,4790000.0,2651 WESTBROOK Road ,ON,Central Canada
,,,2399900.0,"Kirby Road & Ontario 27, Vaughan, ON ",ON,Central Canada
,,,2380000.0,"6124 PEBBLEWOODS DR, Ottawa ",ON,Central Canada
,,,2089990.0,"Glen Abbey Encore Community | Upper Middle Road West & Bronte Road, Oakville, ON ",ON,Central Canada
,,,2064990.0,Brushwood &Bathurst ,ON,Central Canada
,,,2399900.0,"Kirby Road & Ontario 27, Vaughan, ON ",ON,Central Canada
,,,2195000.0,68 GEARY AVE ,ON,Central Canada
,,,2299000.0,35 Falaise Dr. ,ON,Central Canada
,,,4000000.0,1306 Weston Rd ,ON,Central Canada
,,,4299000.0,459 GAMBLE RD ,ON,Central Canada
,,,2499000.0,422 Salmon Point Rd. ,ON,Central Canada
,,2200.0,2200000.0,1152 TEAL Road ,ON,Central Canada
,,,30000000.0,1761 Old Waterdown Road ,ON,Central Canada
,,800.0,2870000.0,4141 Kelvin Road ,ON,Central Canada
,,,2149000.0,640-646 SOMERSET STREET W ,ON,Central Canada
,,1000.0,5240000.0,458021 3RD Sideroad ,ON,Central Canada
,,,4250000.0,256 LIME KILN RD ,ON,Central Canada
,,1200.0,2190000.0,1249 BOOK Road W ,ON,Central Canada
,,,2990000.0,2 West Street ,ON,Central Canada
,,,7895000.0,1300 Oak Lane ,ON,Central Canada
,,2421.0,2350000.0,6188 #3 Highway ,ON,Central Canada
,,,3495000.0,2-R59 HIGHLANDS Island ,ON,Central Canada
,,,2088800.0,53 Kirk Dr ,ON,Central Canada
,,4400.0,2550000.0,5168 Cedar Springs Road ,ON,Central Canada
,3.0,,5500000.0,155 GEORGE ST ,ON,Central Canada
,,,3750000.0,6017 Smith Blvd ,ON,Central Canada
,,4650.0,4790000.0,2651 WESTBROOK Road ,ON,Central Canada
,,,17000000.0,2270 Doulton Dr ,ON,Central Canada
,,,3150000.0,20 FRONT Street ,ON,Central Canada
,4.0,,2599900.0,65 FIRE ROUTE 21 ,ON,Central Canada
,,1500.0,6000000.0,1748 Brock Road ,ON,Central Canada
,,2000.0,2650000.0,861 #8 Highway ,ON,Central Canada
,,,4998000.0,1477 Duncan Road ,ON,Central Canada
,,,204900.0,25 Van hull Way ,MB,Prairie Provinces
,,920.0,62500.0,577 Dufferin Avenue ,MB,Prairie Provinces
,,,449900.0,9 Scott Drive REDUCED ,MB,Prairie Provinces
,,,79900.0,5 RUSTIC RIDGE ,MB,Prairie Provinces
,,,199900.0,NW18-18-19W ,MB,Prairie Provinces
,,,215000.0,2006 Saskatchewan Avenue W ,MB,Prairie Provinces
,,,84000.0,7 Park Avenue ,MB,Prairie Provinces
,,11675.0,580000.0,245 King Street ,MB,Prairie Provinces
,,,58500.0,187 Water St ,MB,Prairie Provinces
,,,264900.0,531 Pandora Avenue West ,MB,Prairie Provinces
,,,34867.0,128 Oak Park Drive ,MB,Prairie Provinces
,,,69900.0,402 Redwood Avenue ,MB,Prairie Provinces
,1.0,856.0,289900.0,18 Mountain Avenue ,MB,Prairie Provinces
,,,175000.0,"119 Lorne Ave E, Portage La Prairie, R1N 0J2, Manitoba ",MB,Prairie Provinces
,,,119000.0,1017 alfred ave ,MB,Prairie Provinces
,,,269900.0,"Winston Place, Steinbach ",MB,Prairie Provinces
,,,134900.0,40 Sunset Drive ,MB,Prairie Provinces
,,,99900.0,0 Highway 317 Lac Du Bonnet MB ,MB,Prairie Provinces
,1.0,666.0,42000.0,207 Fourth Street ,MB,Prairie Provinces
,,,52500.0,7 RUSTIC RIDGE ,MB,Prairie Provinces
,,,239900.0,1-137 Bannatyne Avenue ,MB,Prairie Provinces
,,520.0,110000.0,279 Parkview Street ,MB,Prairie Provinces
,,,43400.0,340 Louisa Avenue ,MB,Prairie Provinces
,,,969900.0,43 WINDFLOWER ROAD ,MB,Prairie Provinces
,,968.0,47500.0,47 Maplewood Crescent ,MB,Prairie Provinces
,,2353.0,659900.0,15 Ridgebury Pl ,MB,Prairie Provinces
,,,59900.0,35 Firefly Lane ,MB,Prairie Provinces
,,2032.0,849900.0,1239 Wellington Crescent ,MB,Prairie Provinces
,,,274900.0,310 Harold Ave E ,MB,Prairie Provinces
,,,2399900.0,34 IKE KRAUT PLACE ,MB,Prairie Provinces
,,,448900.0,98 Spruce Thicket Walk ,MB,Prairie Provinces
,,,85000.0,RM 494 Canwood - 10 acres ,SK,Prairie Provinces
,,2041.0,120000.0,501 West ROAD ,SK,Prairie Provinces
,,448.0,70000.0,Cabin in the woods ,SK,Prairie Provinces
,,624.0,19900.0,302 4th STREET E ,SK,Prairie Provinces
,,280.0,116900.0,Recreation acreage North ,SK,Prairie Provinces
,,,85999.0,"Burlap Road, Lot Q ",SK,Prairie Provinces
,,1415.0,89500.0,1 Railway AVENUE ,SK,Prairie Provinces
,,1608.0,169900.0,Lavoie Acreage ,SK,Prairie Provinces
,,3687.0,149000.0,110 Watson STREET ,SK,Prairie Provinces
,1.0,2186.0,42000.0,727 Anderson STREET ,SK,Prairie Provinces
,1.0,768.0,60000.0,813 Prospect AVENUE ,SK,Prairie Provinces
,,724.0,89900.0,770 Queen STREET ,SK,Prairie Provinces
,,834.0,33000.0,416 Main STREET ,SK,Prairie Provinces
,,1.0,89900.0,119 Cuthand STREET ,SK,Prairie Provinces
,,960.0,150000.0,Acreage PT SW 24 29 21 W3--18 acres ,SK,Prairie Provinces
,,997.0,49900.0,221 1st STREET W ,SK,Prairie Provinces
,1.0,912.0,19900.0,21 Main STREET ,SK,Prairie Provinces
,,700.0,130000.0,1322 95 st  ,SK,Prairie Provinces
,1.0,803.0,185000.0,1205 2nd STREET ,SK,Prairie Provinces
,,720.0,145000.0,Kuzma Acreage ,SK,Prairie Provinces
,,1296.0,167000.0,30 Wakonda PLACE ,SK,Prairie Provinces
,1.0,345.0,140000.0,6 Dorothy's PLACE ,SK,Prairie Provinces
,,504.0,120000.0,Timeless Barn Infill Acreage ,SK,Prairie Provinces
,1.0,1410.0,35000.0,723 Anderson STREET ,SK,Prairie Provinces
,,1060.0,179900.0,406 Taylor STREET ,SK,Prairie Provinces
,,868.0,25000.0,547 Sorlien AVENUE ,SK,Prairie Provinces
,,1376.0,239000.0,805 Potter PLACE ,SK,Prairie Provinces
,,,234000.0,RM 257 Monet JORMAX Farms - 156 Acres ,SK,Prairie Provinces
,6.0,21938.0,299900.0,418 William STREET ,SK,Prairie Provinces
,,21668.0,349900.0,209 First STREET E ,SK,Prairie Provinces
,,980.0,295000.0,Cook Island ,SK,Prairie Provinces
,,,275000.0,Log Cabin (To Be Removed) - Auction - ,SK,Prairie Provinces
,,712.0,239900.0,615 31st STREET W ,SK,Prairie Provinces
,1.0,3278.0,207000.0,804 Elizabeth AVENUE ,SK,Prairie Provinces
,3.0,1090.0,466000.0,2015 1st STREET N ,SK,Prairie Provinces
,,2550.0,899900.0,1 Pine Point Lodge & Outpost ,SK,Prairie Provinces
,1.0,912.0,499900.0,324 6th AVENUE N ,SK,Prairie Provinces
,1.0,6500.0,995000.0,Autumn Ridge Acreage ,SK,Prairie Provinces
,,3194.0,575000.0,708 Prospect AVENUE ,SK,Prairie Provinces
,,1688.0,439000.0,8 Bear Ridge ROAD ,SK,Prairie Provinces
,,262.0,160000.0,316 461032 HWY 13 ,AB,Prairie Provinces
,,599.0,55000.0,4924-49ave ,AB,Prairie Provinces
,,,88000.0,"404, 54411 - RR 40 ",AB,Prairie Provinces
,,,87000.0,"408, 54411 - RR 40 ",AB,Prairie Provinces
,,,44900.0,Lot 3......Pt of SE4-63 4-4 ,AB,Prairie Provinces
,,,135000.0,4511 53 street ,AB,Prairie Provinces
,,753.0,50000.0,4720-47AVE ,AB,Prairie Provinces
,,,98500.0,6308 45 street ,AB,Prairie Provinces
,,,92500.0,"#10, Highway 633 RR 53 ",AB,Prairie Provinces
,,,150000.0,5105 50 Ave ,AB,Prairie Provinces
,,,199000.0,"Lot 13 Campsite Road, Plamondon, Alberta ",AB,Prairie Provinces
,,,104900.0,5412 - 56 Street ,AB,Prairie Provinces
,,1350.0,199000.0,"5028-50 ave. Lamont, Alberta ",AB,Prairie Provinces
,,,84500.0,"5, 3410 Ste Anne Trail ",AB,Prairie Provinces
,,,120000.0,Near Highway 5 ,AB,Prairie Provinces
,,1072.0,35900.0,55 Hillpark Trailer Park ,AB,Prairie Provinces
,,1024.0,35000.0,"47, 9301 102 Street 47",AB,Prairie Provinces
,,,135000.0,420054 Range Road 283 Lot 11,AB,Prairie Provinces
,,,85000.0,83011 Township Road 122c Township ,AB,Prairie Provinces
,1.0,500.0,79900.0,50 AV 5020,AB,Prairie Provinces
,2.0,1264.0,25000.0,4902 50 Street ,AB,Prairie Provinces
,,,250000.0,81 Alexandra Park ,AB,Prairie Provinces
,,,285000.0,4837 47ave ,AB,Prairie Provinces
,,,255000.0,Township Road 322 Highway 760 ,AB,Prairie Provinces
,,,228800.0,11310 93 ST NW ,AB,Prairie Provinces
,,159996.0,209900.0,5618 50 Street ,AB,Prairie Provinces
,,,235500.0,278 Park Meadows Drive SE # 130 ,AB,Prairie Provinces
,,,259500.0,413 River Avenue ,AB,Prairie Provinces
,,,223000.0,5313-49AVE ,AB,Prairie Provinces
,,,314900.0,3802 43 Avenue ,AB,Prairie Provinces
,,1259.0,305000.0,5725 48 STREET ,AB,Prairie Provinces
,,,325000.0,223 Tuscany Springs Blvd NW ,AB,Prairie Provinces
,,,375000.0,32 Range Road 282 ,AB,Prairie Provinces
,,1524.0,499900.0,67544 RR 165 Corner ,AB,Prairie Provinces
,,,419000.0,204-5 lakeview crescent ,AB,Prairie Provinces
,,,550000.0,"10217 Tuscany Hills Way NW Calgary, AB  ",AB,Prairie Provinces
,,,769900.0,Across From GlenEagles ,AB,Prairie Provinces
,,,1155000.0,32 and 33 Range 282 ,AB,Prairie Provinces
,,,748000.0,270090  Glenmore Trail ,AB,Prairie Provinces
,,,4700000.0,118 1 Ave W ,AB,Prairie Provinces
,,,925000.0,Lot 1 Range Road 33 ,AB,Prairie Provinces
,,,2719458.0,10220 17Ave SE ,AB,Prairie Provinces
,,32000.0,2575000.0,7639 22 Street SE (5 Buildings) ,AB,Prairie Provinces
,,,710000.0,29380 10 RD ,AB,Prairie Provinces
,,,2520000.0,53 ACRES  -  Range Road 281 ,AB,Prairie Provinces
,,,1727000.0,29335 Range Road10 ,AB,Prairie Provinces
,,,1659200.0,270092 Glenmore Trail ,AB,Prairie Provinces
,,,4222950.0,10100 17 Avenue SE ,AB,Prairie Provinces
,,,945000.0,Lot 2 Range Road 33 ,AB,Prairie Provinces
,,,745000.0,Lot 4 Range Road 33 ,AB,Prairie Provinces
,,,7562000.0,160 ACRES  Range Road 281 ,AB,Prairie Provinces
,,,5490000.0,270 31 - 1 Township Rd 400 ,AB,Prairie Provinces
,,,795000.0,Lot 3 Range Road 33 ,AB,Prairie Provinces
,,,2584673.0,37412 RANGE ROAD 280 ,AB,Prairie Provinces
,,,3425000.0,1262 Township 391,AB,Prairie Provinces
,,,469900.0,7455 S KELLY ROAD ,BC,West Coast
,1.0,465.0,299000.0,500 Oswego St ,BC,West Coast
,,,159900.0,815 Hemlock Crescent ,BC,West Coast
,,,149000.0,Lot 10 Essen Road ,BC,West Coast
,,,649900.0,Lot 28 Mountview Road ,BC,West Coast
,,,699000.0,Lot 3-16521 Crawford Creek Road ,BC,West Coast
,,,449000.0,3301 Centennial DR ,BC,West Coast
,,,199000.0,Lot 5 Wilderness Ridge ,BC,West Coast
,,,310000.0,300 Monkshood Lane ,BC,West Coast
,,,289000.0,Lot 11 Stoddart Estates Drive ,BC,West Coast
,,,419900.0,2210 Louie Drive Unit ,BC,West Coast
,,,249000.0,Lot 3 Wilderness Ridge ,BC,West Coast
,,,629900.0,901 Middleton Way ,BC,West Coast
,,,599000.0,9603 Kalamalka Road ,BC,West Coast
,,,674900.0,209 Twin Lakes ,BC,West Coast
,,,274900.0,Lot 1 Tomswood Rd ,BC,West Coast
,,,360000.0,Lots 65 & 66 Ta Lana Trail ,BC,West Coast
,,,189900.0,Lot 65 Ta Lana Trail ,BC,West Coast
,,,33500.0,1060 4th Avenue ,BC,West Coast
,,,419500.0,1435 Main Street ,BC,West Coast
,,,630000.0,802 Grand Oro Kaleden ,BC,West Coast
,,,597000.0,7 6823 Tucelnuit Dr ,BC,West Coast
,,,699900.0,Lot A Brun Road ,BC,West Coast
,,,65000.0,594 Sixth Avenue ,BC,West Coast
,,,239000.0,4014 Pebble Beach DR ,BC,West Coast
,1.0,434.0,399000.0,909-1191 Sunset Dr ,BC,West Coast
,1.0,553.0,499000.0,5011 Springs Boulevard ,BC,West Coast
,1.0,265.0,110000.0,"7310 MAIN STREET, OSOYOOS, BC ",BC,West Coast
,,,299900.0,#16 1809 40 ave ,BC,West Coast
,,,399000.0,7202 Timberlake Street ,BC,West Coast
,,,199000.0,Lot 4 Wilderness Ridge ,BC,West Coast
,,,395000.0,1594 Cemetery Rd. ,BC,West Coast
,,,575000.0,8997 Kalamalka Road ,BC,West Coast
,,,139000.0,1210 18th Ave ,BC,West Coast
,,,50000.0,511 Loon Avenue Vernon BC V1H 2A1 ,BC,West Coast
,,,626000.0,490 McCuddy Creek Road ,BC,West Coast
,,774.0,569000.0,647 Neden Way ,BC,West Coast
,,,359500.0,2107 43rd ave ,BC,West Coast
,,,565000.0,2235 E 16 Highway ,BC,West Coast
,,,549900.0,1393 9th Avenue ,BC,West Coast
,,,249900.0,"LOT 21- 310 CARIBOU CRES., OSOYOOS ",BC,West Coast
,,,139000.0,1190 18th Ave ,BC,West Coast
,,,189900.0,48 Lakeshore Drive Parker Cove Vernon BC V1H 2A1 ,BC,West Coast
,,,155000.0,4200 Lakeshore Dr ,BC,West Coast
,,,689000.0,100 Cougar Road ,BC,West Coast
,,,249000.0,3011 Gateby PL ,BC,West Coast
,,,125000.0,"775 WILLIS Road, ",BC,West Coast
,,2350.0,129900.0,92 WINDMILL CRESCENT ,BC,West Coast
,,109.0,42500.0,275 1233 PACIFIC BOULEVARD ,BC,West Coast
,2.0,1824.0,420000.0,160 Wakesiah Ave ,BC,West Coast
,2.0,2674.0,624800.0,2212 GARYMEDE DRIVE ,BC,West Coast
,3.0,3400.0,650000.0,774 ABBOTT DRIVE ,BC,West Coast
,,,419000.0,S BROADWATER RD ,BC,West Coast
,1.0,,424000.0,3306 PALMER ROAD ,BC,West Coast
,,,697000.0,16896 FRASER SUBDIVISION ROAD ,BC,West Coast
,,,374900.0,10901 HIGHWAY 3A 6,BC,West Coast
,,,360000.0,6719 HILLSIDE DRIVE ,BC,West Coast
,2.0,918.0,599000.0,200 Menhinick Dr ,BC,West Coast
,,,379000.0,1601 JOHNSTON ROAD ,BC,West Coast
,,,549000.0,2538 HIGHWAY 95 ,BC,West Coast
,1.0,866.0,299500.0,15673 QUICK WEST ROAD ,BC,West Coast
,3.0,2407.0,469000.0,108 CHARLES STREET ,BC,West Coast
,2.0,480.0,599900.0,Lot 5 BOSTON BAR TRAIL ,BC,West Coast
,,,265000.0,616 16TH AVENUE S ,BC,West Coast
,4.0,3264.0,399000.0,305 CRESTA ROAD ,BC,West Coast
,,,275000.0,2173 COLDWATER DRIVE ,BC,West Coast
,2.0,2016.0,395000.0,2479 MACKENZIE HIGHWAY ,BC,West Coast
,,,640000.0,1076 WHATSHAN FOREST SERVICE RD Lot 1,BC,West Coast
,,,679000.0,9 INDIAN BEACH ROAD ,BC,West Coast
,1.0,352.0,249000.0,20 500 FOREST SERVICE ROAD DL,BC,West Coast
,,,196000.0,902 COTTONWOOD AVENUE ,BC,West Coast
,,375.0,325000.0,1109 Johnson St #215 ,BC,West Coast
,,,79900.0,7555 HIGHWAY 43 D14,BC,West Coast
,,,179000.0,1835 BAKERY FRONTAGE ROAD 99B,BC,West Coast
,,,569900.0,"Lot 4,5,6 VANCOUVER BOULEVARD ",BC,West Coast
,1.0,,575000.0,3665 SWEET ROAD ,BC,West Coast
,,,149900.0,1835 BAKERY FRONTAGE ROAD 110,BC,West Coast
,,,389000.0,1006 8TH AVENUE ,BC,West Coast
,,,699000.0,Km 32.5 WESTSIDE ROAD ,BC,West Coast
,3.0,2756.0,699900.0,6249 MARINE AVE ,BC,West Coast
,1.0,401.0,499000.0,720 4320 SUNDIAL CRESCENT ,BC,West Coast
,,,165000.0,6904 HIGHWAY 6 ,BC,West Coast
,,,419000.0,6729 14TH STREET ,BC,West Coast
,,,288000.0,PCL A A AVENUE ,BC,West Coast
,1.0,600.0,229900.0,470 HORSE LAKE ROAD ,BC,West Coast
,,,314000.0,620 6 AVENUE ,BC,West Coast
,,1852.0,277000.0,2800 Longworth Rd S ,BC,West Coast
,3.0,2448.0,485000.0,3675 ALFRED AVENUE ,BC,West Coast
,,1556.0,642000.0,3336 Doncaster Dr ,BC,West Coast
,,1872.0,399999.0,2503 Lewis St ,BC,West Coast
,1.0,650.0,110000.0,1200 JUNIPER STREET ,BC,West Coast
,,,329000.0,2 CHURCHILL PLACE ,BC,West Coast
,,,130000.0,6210 LOWER ELK VALLEY ROAD 7,BC,West Coast
,,,245000.0,556 Highway 24 ,BC,West Coast
,,,749000.0,"8397 RICHARDSON CRESCENT, CANAL FLATS ",BC,West Coast
,,1625.0,880000.0,3440 Pattison Way ,BC,West Coast
,,,1300000.0,7.25 Acres in Ok Fall ,BC,West Coast
,,2557.0,1349000.0,2760 Yankee Flats rd. ,BC,West Coast
,,,1100000.0,11339 Bottom Wood Lake Road ,BC,West Coast
,,,788000.0,5909 Cosens Bay Road ,BC,West Coast
,,,757000.0,3960 Phillips RD ,BC,West Coast
,,,765000.0,116 Pine Avenue ,BC,West Coast
,,,1475000.0,15276 Columbia Ave ,BC,West Coast
,,,1250000.0,3068 Yankee Flats Road ,BC,West Coast
,,,1149000.0,7979 Aspen Road ,BC,West Coast
,,,1350000.0,7716 Tronson Road ,BC,West Coast
,,,749000.0,3304 32 Street ,BC,West Coast
,,,729000.0,3462 Redden Rd ,BC,West Coast
,,,1200000.0,km 55 Christian Valley rd. ,BC,West Coast
,,,1288888.0,4323 MILLER STREET ,BC,West Coast
,,,999999.0,3662 Smith Road ,BC,West Coast
,,,999000.0,Klanawa Crescent ,BC,West Coast
,,,899900.0,1462 Highway 6 ,BC,West Coast
,3.0,5670.0,795000.0,8259 Beaver Rd ,BC,West Coast
,,,899999.0,1519 WILLOW STREET ,BC,West Coast
,,,849900.0,1526 WILLOW STREET ,BC,West Coast
,1.0,1190.0,1099000.0,14978 FRASER HIGHWAY ,BC,West Coast
,,2092.0,749900.0,234 Edward St ,BC,West Coast
,,,1288000.0,5813 CANADA WAY ,BC,West Coast
,,2718.0,799900.0,3608 Happy Valley Rd ,BC,West Coast
,1.0,1230.0,799000.0,13788 SAKINAW DRIVE ,BC,West Coast
,1.0,1000.0,1475000.0,5349 LADNER TRUNK ROAD ,BC,West Coast
,2.0,1284.0,849900.0,"575 ELLIS Street, ",BC,West Coast
,,,1275000.0,Parcel 1 ATBARA BAY ,BC,West Coast
,,824.0,798800.0,1692 Island Hwy ,BC,West Coast
,,,939000.0,1066 LOWER INONOAKLIN RD ,BC,West Coast
,,3700.0,1399000.0,8480 Crofton Rd ,BC,West Coast
,1.0,1000.0,1475000.0,5359 LADNER TRUNK ROAD ,BC,West Coast
,,,814999.0,1511 WILLOW STREET ,BC,West Coast
,2.0,1247.0,768000.0,LOT 28 PASSAGE ISLAND ,BC,West Coast
,,1400.0,949000.0,8369 Lochside Dr ,BC,West Coast
,,4048.0,999900.0,2690 Secretariat Way ,BC,West Coast
,,600.0,1199000.0,DL 1903 MCCALLS LANDING ,BC,West Coast
,,,1530000.0,150 Street ,BC,West Coast
,,,1819000.0,4523 Hwy 97 ,BC,West Coast
,,,1699000.0,292 Bradner Road ,BC,West Coast
,,,1798000.0,5965 Lytton Rd ,BC,West Coast
,,,1650000.0,6179 KUBINEC ROAD ,BC,West Coast
,1.0,7200.0,1890000.0,23131 WESTMINSTER HIGHWAY ,BC,West Coast
,,1733.0,1950000.0,3364 RALEIGH STREET ,BC,West Coast
,,,1649000.0,7118 150A Street ,BC,West Coast
,1.0,201.0,1599000.0,3785 TRINITY STREET ,BC,West Coast
,,,1600000.0,920 OSPREY POINT ,BC,West Coast
,,3300.0,1999000.0,1604 Derby Rd ,BC,West Coast
,,,2399000.0,670 Kurtz Road ,BC,West Coast
,,,6999000.0,539 Gibsons Way ,BC,West Coast
,,,5400000.0,1794 176 Street ,BC,West Coast
,,,3900000.0,851 Keremeos Bypass rd ,BC,West Coast
,,2150.0,4500000.0,4726 60B Street ,BC,West Coast
,,,2649987.0,587/589 Lindley Drive ,BC,West Coast
,,,2190000.0,156 W 62 Ave. ,BC,West Coast
,,,2600000.0,374 Rd 15 ,BC,West Coast
,,,2880000.0,2320 McLenman Ave  Richmond BC ,BC,West Coast
,,194000.0,18000000.0,17147 24 Avenue ,BC,West Coast
,,,3489000.0,301 RD 12 ,BC,West Coast
,2.0,2194.0,2290000.0,1036 ALDERSON AVENUE ,BC,West Coast
,,2300.0,2257920.0,817 SANGSTER PLACE ,BC,West Coast
,2.0,2344.0,2290000.0,217 NELSON STREET ,BC,West Coast
,2.0,1836.0,5800000.0,3175 262B STREET ,BC,West Coast
,2.0,1597.0,4600000.0,187 W 41ST AVENUE ,BC,West Coast
,,,2200000.0,436/450 Laburnum Rd ,BC,West Coast
,,,5200000.0,9941/9920 HIGHWAY 3A 9941,BC,West Coast
,1.0,3754.0,4380000.0,6663 ASH STREET ,BC,West Coast
,,3555.0,3635000.0,7873 14TH AVENUE ,BC,West Coast
,,,2388000.0,5823 CANADA WAY ,BC,West Coast
,4.0,6958.0,7888000.0,1526 CHARTWELL DRIVE ,BC,West Coast
,,1500.0,3635000.0,7629 6TH STREET ,BC,West Coast
,,,6300000.0,6041 KING GEORGE BOULEVARD ,BC,West Coast
,,,4300000.0,8469 KING GEORGE BOULEVARD ,BC,West Coast
,,2377.0,2257920.0,809 SANGSTER PLACE ,BC,West Coast
,3.0,2360.0,2257920.0,807 SANGSTER PLACE ,BC,West Coast
,,101.0,4988000.0,4522 NW MARINE DRIVE ,BC,West Coast
,2.0,800.0,2788000.0,6645 KNIGHT STREET ,BC,West Coast
,,3800.0,3173310.0,39 E EIGHTH AVENUE ,BC,West Coast
,,,2200000.0,436/450 Laburnum Rd ,BC,West Coast
,,2000.0,3635000.0,7639 6TH STREET ,BC,West Coast
,,2730.0,2257920.0,819 SANGSTER PLACE ,BC,West Coast
,,2300.0,2525985.0,823 SANGSTER PLACE ,BC,West Coast
,,200.0,2550000.0,4784 HIGHWAY ,BC,West Coast
,5.0,4893.0,4999000.0,2163 E 49TH AVENUE ,BC,West Coast
,2.0,800.0,2788000.0,6625 KNIGHT STREET ,BC,West Coast
,,6960.0,2600000.0,1181 Stelly's Cross Rd ,BC,West Coast
,4.0,3250.0,5000000.0,25 W KING EDWARD AVENUE ,BC,West Coast
